fecha,id_tienda,nombre_tienda,region,producto_id,producto_nombre,stock_actual,ventas_unidades,precio_unitario,ingreso_total,pedido_sugerido,pedido_realizado,lead_time_dias,quiebre_stock,buffer_seguridad
2025-06-04,Tienda_1,Tienda_1,Sur,P01,Arroz 1kg,11,9,12.84,115.56,8,8,1,False,5
2025-06-04,Tienda_1,Tienda_1,Sur,P02,Papel Higiénico 4pzas,19,15,11.74,176.1,1,1,1,False,5
2025-06-04,Tienda_1,Tienda_1,Sur,P03,Detergente 1L,13,8,48.27,386.16,6,6,1,False,5
2025-06-04,Tienda_1,Tienda_1,Sur,P04,Agua 1.5L,20,12,29.03,348.36,1,1,2,False,5
2025-06-04,Tienda_2,Tienda_2,Norte,P01,Arroz 1kg,24,17,10.45,177.65,0,0,2,False,5
2025-06-04,Tienda_2,Tienda_2,Norte,P02,Papel Higiénico 4pzas,6,2,34.54,69.08,14,14,3,False,5
2025-06-04,Tienda_2,Tienda_2,Norte,P03,Detergente 1L,25,15,15.34,230.1,0,0,3,False,5
2025-06-04,Tienda_2,Tienda_2,Norte,P04,Agua 1.5L,28,21,14.91,313.11,0,0,3,False,5
2025-06-04,Tienda_3,Tienda_3,Norte,P01,Arroz 1kg,23,15,33.21,498.15,0,0,3,False,5
2025-06-04,Tienda_3,Tienda_3,Norte,P02,Papel Higiénico 4pzas,25,23,45.28,1041.44,0,0,3,False,5
2025-06-04,Tienda_3,Tienda_3,Norte,P03,Detergente 1L,24,17,36.74,624.58,0,0,2,False,5
2025-06-04,Tienda_3,Tienda_3,Norte,P04,Agua 1.5L,23,17,44.81,761.77,0,0,1,False,5
2025-06-04,Tienda_4,Tienda_4,Sur,P01,Arroz 1kg,28,22,10.45,229.9,0,0,1,False,5
2025-06-04,Tienda_4,Tienda_4,Sur,P02,Papel Higiénico 4pzas,16,16,18.37,293.92,3,3,3,True,5
2025-06-04,Tienda_4,Tienda_4,Sur,P03,Detergente 1L,18,14,13.73,192.22,0,0,2,False,5
2025-06-04,Tienda_4,Tienda_4,Sur,P04,Agua 1.5L,29,24,12.77,306.48,0,0,3,False,5
2025-06-04,Tienda_5,Tienda_5,Norte,P01,Arroz 1kg,16,14,23.01,322.14,5,5,3,False,5
2025-06-04,Tienda_5,Tienda_5,Norte,P02,Papel Higiénico 4pzas,14,13,42.74,555.62,6,6,2,False,5
2025-06-04,Tienda_5,Tienda_5,Norte,P03,Detergente 1L,18,14,20.82,291.48,3,3,3,False,5
2025-06-04,Tienda_5,Tienda_5,Norte,P04,Agua 1.5L,15,11,29.24,321.64,3,3,3,False,5
2025-06-05,Tienda_1,Tienda_1,Norte,P01,Arroz 1kg,9,5,24.56,122.8,13,12,2,False,5
2025-06-05,Tienda_1,Tienda_1,Norte,P02,Papel Higiénico 4pzas,28,21,31.43,660.03,0,0,3,False,5
2025-06-05,Tienda_1,Tienda_1,Norte,P03,Detergente 1L,22,22,30.86,678.92,0,0,3,True,5
2025-06-05,Tienda_1,Tienda_1,Norte,P04,Agua 1.5L,13,12,45.31,543.72,5,5,2,False,5
2025-06-05,Tienda_2,Tienda_2,Centro,P01,Arroz 1kg,25,18,37.84,681.12,0,0,3,False,5
2025-06-05,Tienda_2,Tienda_2,Centro,P02,Papel Higiénico 4pzas,13,7,27.19,190.33,9,9,1,False,5
2025-06-05,Tienda_2,Tienda_2,Centro,P03,Detergente 1L,21,17,36.23,615.91,0,0,1,False,5
2025-06-05,Tienda_2,Tienda_2,Centro,P04,Agua 1.5L,34,25,36.62,915.5,0,-2,2,False,5
2025-06-05,Tienda_3,Tienda_3,Norte,P01,Arroz 1kg,27,20,44.85,897.0,0,0,3,False,5
2025-06-05,Tienda_3,Tienda_3,Norte,P02,Papel Higiénico 4pzas,14,7,47.5,332.5,6,6,2,False,5
2025-06-05,Tienda_3,Tienda_3,Norte,P03,Detergente 1L,14,6,26.08,156.48,7,7,2,False,5
2025-06-05,Tienda_3,Tienda_3,Norte,P04,Agua 1.5L,17,11,14.36,157.96,5,5,2,False,5
2025-06-05,Tienda_4,Tienda_4,Centro,P01,Arroz 1kg,28,24,32.47,779.28,0,0,2,False,5
2025-06-05,Tienda_4,Tienda_4,Centro,P02,Papel Higiénico 4pzas,20,10,46.33,463.3,2,2,2,False,5
2025-06-05,Tienda_4,Tienda_4,Centro,P03,Detergente 1L,14,12,11.91,142.92,7,7,3,False,5
2025-06-05,Tienda_4,Tienda_4,Centro,P04,Agua 1.5L,11,11,48.91,538.01,9,6,1,True,5
2025-06-05,Tienda_5,Tienda_5,Centro,P01,Arroz 1kg,11,9,42.84,385.56,7,7,2,False,5
2025-06-05,Tienda_5,Tienda_5,Centro,P02,Papel Higiénico 4pzas,18,8,41.37,330.96,1,1,3,False,5
2025-06-05,Tienda_5,Tienda_5,Centro,P03,Detergente 1L,12,3,13.08,39.24,9,6,3,False,5
2025-06-05,Tienda_5,Tienda_5,Centro,P04,Agua 1.5L,28,19,32.5,617.5,0,0,1,False,5
2025-06-06,Tienda_1,Tienda_1,Norte,P01,Arroz 1kg,16,14,12.68,177.52,5,5,3,False,5
2025-06-06,Tienda_1,Tienda_1,Norte,P02,Papel Higiénico 4pzas,21,20,39.41,788.2,0,-3,1,False,5
2025-06-06,Tienda_1,Tienda_1,Norte,P03,Detergente 1L,18,14,37.16,520.24,0,0,3,False,5
2025-06-06,Tienda_1,Tienda_1,Norte,P04,Agua 1.5L,21,11,20.15,221.65,0,0,1,False,5
2025-06-06,Tienda_2,Tienda_2,Centro,P01,Arroz 1kg,19,10,35.0,350.0,0,-2,2,False,5
2025-06-06,Tienda_2,Tienda_2,Centro,P02,Papel Higiénico 4pzas,16,14,39.74,556.36,2,-1,1,False,5
2025-06-06,Tienda_2,Tienda_2,Centro,P03,Detergente 1L,24,16,23.39,374.24,0,0,1,False,5
2025-06-06,Tienda_2,Tienda_2,Centro,P04,Agua 1.5L,10,10,13.65,136.5,8,6,3,True,5
2025-06-06,Tienda_3,Tienda_3,Norte,P01,Arroz 1kg,24,15,10.99,164.85,0,-2,1,False,5
2025-06-06,Tienda_3,Tienda_3,Norte,P02,Papel Higiénico 4pzas,22,19,22.26,422.94,0,-2,3,False,5
2025-06-06,Tienda_3,Tienda_3,Norte,P03,Detergente 1L,17,11,19.12,210.32,1,1,1,False,5
2025-06-06,Tienda_3,Tienda_3,Norte,P04,Agua 1.5L,19,15,27.59,413.85,0,0,1,False,5
2025-06-06,Tienda_4,Tienda_4,Sur,P01,Arroz 1kg,5,3,48.15,144.45,15,14,2,False,5
2025-06-06,Tienda_4,Tienda_4,Sur,P02,Papel Higiénico 4pzas,14,12,30.89,370.68,6,3,1,False,5
2025-06-06,Tienda_4,Tienda_4,Sur,P03,Detergente 1L,29,19,24.97,474.43,0,0,3,False,5
2025-06-06,Tienda_4,Tienda_4,Sur,P04,Agua 1.5L,16,13,15.84,205.92,4,4,3,False,5
2025-06-06,Tienda_5,Tienda_5,Centro,P01,Arroz 1kg,19,14,24.78,346.92,0,0,1,False,5
2025-06-06,Tienda_5,Tienda_5,Centro,P02,Papel Higiénico 4pzas,10,8,45.7,365.6,11,11,1,False,5
2025-06-06,Tienda_5,Tienda_5,Centro,P03,Detergente 1L,21,12,44.45,533.4,0,0,2,False,5
2025-06-06,Tienda_5,Tienda_5,Centro,P04,Agua 1.5L,12,10,34.09,340.9,9,9,1,False,5
2025-06-07,Tienda_1,Tienda_1,Sur,P01,Arroz 1kg,21,19,31.5,598.5,0,0,1,False,5
2025-06-07,Tienda_1,Tienda_1,Sur,P02,Papel Higiénico 4pzas,16,10,44.23,442.3,4,4,3,False,5
2025-06-07,Tienda_1,Tienda_1,Sur,P03,Detergente 1L,17,13,10.13,131.69,3,2,3,False,5
2025-06-07,Tienda_1,Tienda_1,Sur,P04,Agua 1.5L,8,4,29.07,116.28,13,13,2,False,5
2025-06-07,Tienda_2,Tienda_2,Norte,P01,Arroz 1kg,20,16,35.11,561.76,0,0,1,False,5
2025-06-07,Tienda_2,Tienda_2,Norte,P02,Papel Higiénico 4pzas,18,11,33.33,366.63,1,1,3,False,5
2025-06-07,Tienda_2,Tienda_2,Norte,P03,Detergente 1L,10,6,35.16,210.96,9,9,3,False,5
2025-06-07,Tienda_2,Tienda_2,Norte,P04,Agua 1.5L,21,11,37.62,413.82,1,1,3,False,5
2025-06-07,Tienda_3,Tienda_3,Centro,P01,Arroz 1kg,20,19,28.87,548.53,0,0,1,False,5
2025-06-07,Tienda_3,Tienda_3,Centro,P02,Papel Higiénico 4pzas,17,12,29.5,354.0,1,1,3,False,5
2025-06-07,Tienda_3,Tienda_3,Centro,P03,Detergente 1L,8,3,29.93,89.79,13,11,2,False,5
2025-06-07,Tienda_3,Tienda_3,Centro,P04,Agua 1.5L,16,10,32.26,322.6,4,4,1,False,5
2025-06-07,Tienda_4,Tienda_4,Centro,P01,Arroz 1kg,32,22,35.97,791.34,0,0,1,False,5
2025-06-07,Tienda_4,Tienda_4,Centro,P02,Papel Higiénico 4pzas,11,11,43.41,477.51,11,11,3,True,5
2025-06-07,Tienda_4,Tienda_4,Centro,P03,Detergente 1L,12,6,49.33,295.98,9,8,1,False,5
2025-06-07,Tienda_4,Tienda_4,Centro,P04,Agua 1.5L,9,7,25.27,176.89,11,11,2,False,5
2025-06-07,Tienda_5,Tienda_5,Centro,P01,Arroz 1kg,12,12,41.43,497.16,10,10,2,True,5
2025-06-07,Tienda_5,Tienda_5,Centro,P02,Papel Higiénico 4pzas,18,13,41.28,536.64,1,0,3,False,5
2025-06-07,Tienda_5,Tienda_5,Centro,P03,Detergente 1L,21,19,37.28,708.32,1,1,3,False,5
2025-06-07,Tienda_5,Tienda_5,Centro,P04,Agua 1.5L,33,23,43.0,989.0,0,-1,2,False,5
2025-06-08,Tienda_1,Tienda_1,Norte,P01,Arroz 1kg,14,13,36.29,471.77,5,5,1,False,5
2025-06-08,Tienda_1,Tienda_1,Norte,P02,Papel Higiénico 4pzas,12,9,48.59,437.31,6,6,2,False,5
2025-06-08,Tienda_1,Tienda_1,Norte,P03,Detergente 1L,20,16,34.66,554.56,0,-2,1,False,5
2025-06-08,Tienda_1,Tienda_1,Norte,P04,Agua 1.5L,28,18,11.9,214.2,0,-2,1,False,5
2025-06-08,Tienda_2,Tienda_2,Sur,P01,Arroz 1kg,19,15,35.54,533.1,0,0,2,False,5
2025-06-08,Tienda_2,Tienda_2,Sur,P02,Papel Higiénico 4pzas,11,11,48.62,534.82,7,5,1,True,5
2025-06-08,Tienda_2,Tienda_2,Sur,P03,Detergente 1L,15,8,21.76,174.08,5,3,3,False,5
2025-06-08,Tienda_2,Tienda_2,Sur,P04,Agua 1.5L,23,19,26.07,495.33,0,0,3,False,5
2025-06-08,Tienda_3,Tienda_3,Centro,P01,Arroz 1kg,22,18,21.84,393.12,0,0,3,False,5
2025-06-08,Tienda_3,Tienda_3,Centro,P02,Papel Higiénico 4pzas,23,14,23.32,326.48,0,0,2,False,5
2025-06-08,Tienda_3,Tienda_3,Centro,P03,Detergente 1L,25,21,46.25,971.25,0,0,3,False,5
2025-06-08,Tienda_3,Tienda_3,Centro,P04,Agua 1.5L,19,18,32.88,591.84,2,-1,1,False,5
2025-06-08,Tienda_4,Tienda_4,Sur,P01,Arroz 1kg,27,19,23.12,439.28,0,0,3,False,5
2025-06-08,Tienda_4,Tienda_4,Sur,P02,Papel Higiénico 4pzas,25,21,13.93,292.53,0,0,2,False,5
2025-06-08,Tienda_4,Tienda_4,Sur,P03,Detergente 1L,13,13,48.94,636.22,9,9,1,True,5
2025-06-08,Tienda_4,Tienda_4,Sur,P04,Agua 1.5L,17,12,33.75,405.0,1,1,2,False,5
2025-06-08,Tienda_5,Tienda_5,Sur,P01,Arroz 1kg,21,15,24.9,373.5,0,0,1,False,5
2025-06-08,Tienda_5,Tienda_5,Sur,P02,Papel Higiénico 4pzas,22,17,15.74,267.58,0,-3,3,False,5
2025-06-08,Tienda_5,Tienda_5,Sur,P03,Detergente 1L,28,23,48.31,1111.13,0,0,3,False,5
2025-06-08,Tienda_5,Tienda_5,Sur,P04,Agua 1.5L,21,14,20.9,292.6,0,0,3,False,5
2025-06-09,Tienda_1,Tienda_1,Norte,P01,Arroz 1kg,26,20,39.36,787.2,0,-3,1,False,5
2025-06-09,Tienda_1,Tienda_1,Norte,P02,Papel Higiénico 4pzas,15,10,10.77,107.7,4,4,3,False,5
2025-06-09,Tienda_1,Tienda_1,Norte,P03,Detergente 1L,22,14,26.1,365.4,0,0,3,False,5
2025-06-09,Tienda_1,Tienda_1,Norte,P04,Agua 1.5L,27,20,40.08,801.6,0,0,3,False,5
2025-06-09,Tienda_2,Tienda_2,Norte,P01,Arroz 1kg,7,6,39.34,236.04,11,11,3,False,5
2025-06-09,Tienda_2,Tienda_2,Norte,P02,Papel Higiénico 4pzas,18,15,16.93,253.95,3,3,3,False,5
2025-06-09,Tienda_2,Tienda_2,Norte,P03,Detergente 1L,15,15,46.37,695.55,3,3,1,True,5
2025-06-09,Tienda_2,Tienda_2,Norte,P04,Agua 1.5L,16,14,26.43,370.02,2,2,2,False,5
2025-06-09,Tienda_3,Tienda_3,Sur,P01,Arroz 1kg,14,10,42.81,428.1,4,4,2,False,5
2025-06-09,Tienda_3,Tienda_3,Sur,P02,Papel Higiénico 4pzas,27,26,39.17,1018.42,0,0,2,False,5
2025-06-09,Tienda_3,Tienda_3,Sur,P03,Detergente 1L,13,13,41.72,542.36,9,9,3,True,5
2025-06-09,Tienda_3,Tienda_3,Sur,P04,Agua 1.5L,18,11,14.88,163.68,1,1,2,False,5
2025-06-09,Tienda_4,Tienda_4,Norte,P01,Arroz 1kg,18,15,36.87,553.05,2,2,3,False,5
2025-06-09,Tienda_4,Tienda_4,Norte,P02,Papel Higiénico 4pzas,23,21,14.52,304.92,0,0,3,False,5
2025-06-09,Tienda_4,Tienda_4,Norte,P03,Detergente 1L,22,18,27.97,503.46,0,0,1,False,5
2025-06-09,Tienda_4,Tienda_4,Norte,P04,Agua 1.5L,16,16,30.82,493.12,4,3,2,True,5
2025-06-09,Tienda_5,Tienda_5,Centro,P01,Arroz 1kg,27,17,29.71,505.07,0,0,2,False,5
2025-06-09,Tienda_5,Tienda_5,Centro,P02,Papel Higiénico 4pzas,26,16,36.64,586.24,0,0,3,False,5
2025-06-09,Tienda_5,Tienda_5,Centro,P03,Detergente 1L,14,12,15.85,190.2,6,6,2,False,5
2025-06-09,Tienda_5,Tienda_5,Centro,P04,Agua 1.5L,13,9,10.9,98.1,7,7,2,False,5
2025-06-10,Tienda_1,Tienda_1,Sur,P01,Arroz 1kg,29,21,42.1,884.1,0,0,2,False,5
2025-06-10,Tienda_1,Tienda_1,Sur,P02,Papel Higiénico 4pzas,10,5,32.47,162.35,10,10,1,False,5
2025-06-10,Tienda_1,Tienda_1,Sur,P03,Detergente 1L,15,8,22.97,183.76,3,3,3,False,5
2025-06-10,Tienda_1,Tienda_1,Sur,P04,Agua 1.5L,23,19,38.95,740.05,0,0,1,False,5
2025-06-10,Tienda_2,Tienda_2,Sur,P01,Arroz 1kg,11,11,12.95,142.45,10,9,2,True,5
2025-06-10,Tienda_2,Tienda_2,Sur,P02,Papel Higiénico 4pzas,25,20,36.43,728.6,0,0,1,False,5
2025-06-10,Tienda_2,Tienda_2,Sur,P03,Detergente 1L,6,0,22.33,0.0,16,13,1,False,5
2025-06-10,Tienda_2,Tienda_2,Sur,P04,Agua 1.5L,21,18,20.08,361.44,0,-3,1,False,5
2025-06-10,Tienda_3,Tienda_3,Centro,P01,Arroz 1kg,11,11,31.71,348.81,9,6,1,True,5
2025-06-10,Tienda_3,Tienda_3,Centro,P02,Papel Higiénico 4pzas,9,9,36.34,327.06,13,13,1,True,5
2025-06-10,Tienda_3,Tienda_3,Centro,P03,Detergente 1L,11,11,12.03,132.33,7,5,2,True,5
2025-06-10,Tienda_3,Tienda_3,Centro,P04,Agua 1.5L,28,21,22.77,478.17,0,-3,2,False,5
2025-06-10,Tienda_4,Tienda_4,Centro,P01,Arroz 1kg,25,15,30.0,450.0,0,0,3,False,5
2025-06-10,Tienda_4,Tienda_4,Centro,P02,Papel Higiénico 4pzas,13,12,32.87,394.44,9,9,1,False,5
2025-06-10,Tienda_4,Tienda_4,Centro,P03,Detergente 1L,21,15,32.86,492.9,1,-1,3,False,5
2025-06-10,Tienda_4,Tienda_4,Centro,P04,Agua 1.5L,21,16,33.04,528.64,0,0,1,False,5
2025-06-10,Tienda_5,Tienda_5,Centro,P01,Arroz 1kg,27,21,45.65,958.65,0,0,2,False,5
2025-06-10,Tienda_5,Tienda_5,Centro,P02,Papel Higiénico 4pzas,29,21,34.19,717.99,0,0,1,False,5
2025-06-10,Tienda_5,Tienda_5,Centro,P03,Detergente 1L,19,13,19.7,256.1,0,0,2,False,5
2025-06-10,Tienda_5,Tienda_5,Centro,P04,Agua 1.5L,22,19,35.64,677.16,0,0,2,False,5
2025-06-11,Tienda_1,Tienda_1,Norte,P01,Arroz 1kg,20,11,16.05,176.55,0,-3,1,False,5
2025-06-11,Tienda_1,Tienda_1,Norte,P02,Papel Higiénico 4pzas,16,11,37.16,408.76,2,2,1,False,5
2025-06-11,Tienda_1,Tienda_1,Norte,P03,Detergente 1L,34,25,42.58,1064.5,0,0,2,False,5
2025-06-11,Tienda_1,Tienda_1,Norte,P04,Agua 1.5L,24,16,48.86,781.76,0,0,2,False,5
2025-06-11,Tienda_2,Tienda_2,Norte,P01,Arroz 1kg,19,16,28.81,460.96,2,2,3,False,5
2025-06-11,Tienda_2,Tienda_2,Norte,P02,Papel Higiénico 4pzas,10,8,12.55,100.4,8,8,3,False,5
2025-06-11,Tienda_2,Tienda_2,Norte,P03,Detergente 1L,12,12,35.31,423.72,10,9,1,True,5
2025-06-11,Tienda_2,Tienda_2,Norte,P04,Agua 1.5L,30,20,38.29,765.8,0,0,1,False,5
2025-06-11,Tienda_3,Tienda_3,Norte,P01,Arroz 1kg,18,11,21.37,235.07,4,4,1,False,5
2025-06-11,Tienda_3,Tienda_3,Norte,P02,Papel Higiénico 4pzas,27,19,17.96,341.24,0,0,2,False,5
2025-06-11,Tienda_3,Tienda_3,Norte,P03,Detergente 1L,17,16,18.87,301.92,3,3,3,False,5
2025-06-11,Tienda_3,Tienda_3,Norte,P04,Agua 1.5L,23,22,10.16,223.52,0,0,3,False,5
2025-06-11,Tienda_4,Tienda_4,Centro,P01,Arroz 1kg,28,20,43.49,869.8,0,0,2,False,5
2025-06-11,Tienda_4,Tienda_4,Centro,P02,Papel Higiénico 4pzas,20,15,39.44,591.6,0,0,3,False,5
2025-06-11,Tienda_4,Tienda_4,Centro,P03,Detergente 1L,16,12,31.13,373.56,6,6,3,False,5
2025-06-11,Tienda_4,Tienda_4,Centro,P04,Agua 1.5L,19,13,37.89,492.57,0,0,3,False,5
2025-06-11,Tienda_5,Tienda_5,Sur,P01,Arroz 1kg,19,14,15.78,220.92,2,-1,3,False,5
2025-06-11,Tienda_5,Tienda_5,Sur,P02,Papel Higiénico 4pzas,19,10,36.55,365.5,2,2,1,False,5
2025-06-11,Tienda_5,Tienda_5,Sur,P03,Detergente 1L,17,17,38.0,646.0,3,3,2,True,5
2025-06-11,Tienda_5,Tienda_5,Sur,P04,Agua 1.5L,23,21,23.67,497.07,0,0,1,False,5
2025-06-12,Tienda_1,Tienda_1,Norte,P01,Arroz 1kg,15,10,40.86,408.6,4,4,3,False,5
2025-06-12,Tienda_1,Tienda_1,Norte,P02,Papel Higiénico 4pzas,15,15,30.3,454.5,5,5,3,True,5
2025-06-12,Tienda_1,Tienda_1,Norte,P03,Detergente 1L,16,10,33.37,333.7,6,6,2,False,5
2025-06-12,Tienda_1,Tienda_1,Norte,P04,Agua 1.5L,28,18,14.56,262.08,0,0,3,False,5
2025-06-12,Tienda_2,Tienda_2,Norte,P01,Arroz 1kg,16,7,25.61,179.27,2,2,1,False,5
2025-06-12,Tienda_2,Tienda_2,Norte,P02,Papel Higiénico 4pzas,23,13,36.81,478.53,0,0,3,False,5
2025-06-12,Tienda_2,Tienda_2,Norte,P03,Detergente 1L,11,5,13.28,66.4,8,5,3,False,5
2025-06-12,Tienda_2,Tienda_2,Norte,P04,Agua 1.5L,20,15,45.85,687.75,0,0,3,False,5
2025-06-12,Tienda_3,Tienda_3,Centro,P01,Arroz 1kg,24,20,39.33,786.6,0,-1,3,False,5
2025-06-12,Tienda_3,Tienda_3,Centro,P02,Papel Higiénico 4pzas,15,12,30.65,367.8,7,7,3,False,5
2025-06-12,Tienda_3,Tienda_3,Centro,P03,Detergente 1L,29,20,18.74,374.8,0,0,1,False,5
2025-06-12,Tienda_3,Tienda_3,Centro,P04,Agua 1.5L,13,12,34.04,408.48,5,5,3,False,5
2025-06-12,Tienda_4,Tienda_4,Centro,P01,Arroz 1kg,15,13,32.2,418.6,3,3,3,False,5
2025-06-12,Tienda_4,Tienda_4,Centro,P02,Papel Higiénico 4pzas,17,13,15.12,196.56,1,1,1,False,5
2025-06-12,Tienda_4,Tienda_4,Centro,P03,Detergente 1L,22,14,37.46,524.44,0,-1,1,False,5
2025-06-12,Tienda_4,Tienda_4,Centro,P04,Agua 1.5L,15,6,14.38,86.28,5,5,3,False,5
2025-06-12,Tienda_5,Tienda_5,Sur,P01,Arroz 1kg,28,23,36.82,846.86,0,0,2,False,5
2025-06-12,Tienda_5,Tienda_5,Sur,P02,Papel Higiénico 4pzas,19,15,37.55,563.25,0,-1,3,False,5
2025-06-12,Tienda_5,Tienda_5,Sur,P03,Detergente 1L,14,14,43.92,614.88,8,8,2,True,5
2025-06-12,Tienda_5,Tienda_5,Sur,P04,Agua 1.5L,23,15,11.67,175.05,0,-1,3,False,5
2025-06-13,Tienda_1,Tienda_1,Norte,P01,Arroz 1kg,15,14,48.98,685.72,4,4,1,False,5
2025-06-13,Tienda_1,Tienda_1,Norte,P02,Papel Higiénico 4pzas,25,16,46.15,738.4,0,-3,3,False,5
2025-06-13,Tienda_1,Tienda_1,Norte,P03,Detergente 1L,15,14,23.2,324.8,3,2,3,False,5
2025-06-13,Tienda_1,Tienda_1,Norte,P04,Agua 1.5L,18,12,18.07,216.84,1,-1,1,False,5
2025-06-13,Tienda_2,Tienda_2,Centro,P01,Arroz 1kg,14,14,30.77,430.78,8,8,2,True,5
2025-06-13,Tienda_2,Tienda_2,Centro,P02,Papel Higiénico 4pzas,24,22,25.92,570.24,0,-2,3,False,5
2025-06-13,Tienda_2,Tienda_2,Centro,P03,Detergente 1L,25,20,26.51,530.2,0,0,2,False,5
2025-06-13,Tienda_2,Tienda_2,Centro,P04,Agua 1.5L,20,15,10.31,154.65,0,0,1,False,5
2025-06-13,Tienda_3,Tienda_3,Norte,P01,Arroz 1kg,23,20,10.45,209.0,0,-3,2,False,5
2025-06-13,Tienda_3,Tienda_3,Norte,P02,Papel Higiénico 4pzas,7,5,15.33,76.65,14,14,3,False,5
2025-06-13,Tienda_3,Tienda_3,Norte,P03,Detergente 1L,21,16,43.95,703.2,0,0,2,False,5
2025-06-13,Tienda_3,Tienda_3,Norte,P04,Agua 1.5L,19,18,25.23,454.14,1,-2,3,False,5
2025-06-13,Tienda_4,Tienda_4,Norte,P01,Arroz 1kg,33,24,27.19,652.56,0,0,1,False,5
2025-06-13,Tienda_4,Tienda_4,Norte,P02,Papel Higiénico 4pzas,25,16,38.53,616.48,0,0,2,False,5
2025-06-13,Tienda_4,Tienda_4,Norte,P03,Detergente 1L,25,17,17.12,291.04,0,0,1,False,5
2025-06-13,Tienda_4,Tienda_4,Norte,P04,Agua 1.5L,28,24,17.8,427.2,0,0,1,False,5
2025-06-13,Tienda_5,Tienda_5,Sur,P01,Arroz 1kg,15,13,49.79,647.27,4,4,3,False,5
2025-06-13,Tienda_5,Tienda_5,Sur,P02,Papel Higiénico 4pzas,22,13,11.86,154.18,0,0,3,False,5
2025-06-13,Tienda_5,Tienda_5,Sur,P03,Detergente 1L,21,18,11.58,208.44,0,0,3,False,5
2025-06-13,Tienda_5,Tienda_5,Sur,P04,Agua 1.5L,21,14,28.06,392.84,1,-2,3,False,5
2025-06-14,Tienda_1,Tienda_1,Sur,P01,Arroz 1kg,21,17,49.61,843.37,0,0,1,False,5
2025-06-14,Tienda_1,Tienda_1,Sur,P02,Papel Higiénico 4pzas,20,18,41.54,747.72,0,0,1,False,5
2025-06-14,Tienda_1,Tienda_1,Sur,P03,Detergente 1L,12,10,39.11,391.1,10,10,2,False,5
2025-06-14,Tienda_1,Tienda_1,Sur,P04,Agua 1.5L,21,12,42.38,508.56,0,-1,1,False,5
2025-06-14,Tienda_2,Tienda_2,Centro,P01,Arroz 1kg,30,21,10.31,216.51,0,0,1,False,5
2025-06-14,Tienda_2,Tienda_2,Centro,P02,Papel Higiénico 4pzas,18,12,10.74,128.88,1,1,1,False,5
2025-06-14,Tienda_2,Tienda_2,Centro,P03,Detergente 1L,10,9,14.49,130.41,9,9,3,False,5
2025-06-14,Tienda_2,Tienda_2,Centro,P04,Agua 1.5L,14,10,29.93,299.3,6,6,1,False,5
2025-06-14,Tienda_3,Tienda_3,Norte,P01,Arroz 1kg,18,17,26.13,444.21,4,4,3,False,5
2025-06-14,Tienda_3,Tienda_3,Norte,P02,Papel Higiénico 4pzas,13,10,13.62,136.2,6,6,1,False,5
2025-06-14,Tienda_3,Tienda_3,Norte,P03,Detergente 1L,11,8,18.61,148.88,7,7,2,False,5
2025-06-14,Tienda_3,Tienda_3,Norte,P04,Agua 1.5L,22,15,10.5,157.5,0,0,2,False,5
2025-06-14,Tienda_4,Tienda_4,Centro,P01,Arroz 1kg,18,12,33.59,403.08,1,1,2,False,5
2025-06-14,Tienda_4,Tienda_4,Centro,P02,Papel Higiénico 4pzas,32,28,40.07,1121.96,0,-3,2,False,5
2025-06-14,Tienda_4,Tienda_4,Centro,P03,Detergente 1L,30,28,38.7,1083.6,0,0,2,False,5
2025-06-14,Tienda_4,Tienda_4,Centro,P04,Agua 1.5L,20,20,16.34,326.8,0,0,3,True,5
2025-06-14,Tienda_5,Tienda_5,Norte,P01,Arroz 1kg,24,15,47.22,708.3,0,0,2,False,5
2025-06-14,Tienda_5,Tienda_5,Norte,P02,Papel Higiénico 4pzas,19,13,12.0,156.0,3,3,1,False,5
2025-06-14,Tienda_5,Tienda_5,Norte,P03,Detergente 1L,14,10,32.62,326.2,6,6,3,False,5
2025-06-14,Tienda_5,Tienda_5,Norte,P04,Agua 1.5L,20,20,20.12,402.4,1,1,2,True,5
2025-06-15,Tienda_1,Tienda_1,Norte,P01,Arroz 1kg,19,14,49.78,696.92,0,0,2,False,5
2025-06-15,Tienda_1,Tienda_1,Norte,P02,Papel Higiénico 4pzas,16,11,48.11,529.21,6,6,1,False,5
2025-06-15,Tienda_1,Tienda_1,Norte,P03,Detergente 1L,19,13,20.68,268.84,0,0,1,False,5
2025-06-15,Tienda_1,Tienda_1,Norte,P04,Agua 1.5L,7,7,35.06,245.42,11,11,1,True,5
2025-06-15,Tienda_2,Tienda_2,Norte,P01,Arroz 1kg,25,18,20.1,361.8,0,-1,3,False,5
2025-06-15,Tienda_2,Tienda_2,Norte,P02,Papel Higiénico 4pzas,18,10,14.85,148.5,3,3,1,False,5
2025-06-15,Tienda_2,Tienda_2,Norte,P03,Detergente 1L,25,15,31.94,479.1,0,0,2,False,5
2025-06-15,Tienda_2,Tienda_2,Norte,P04,Agua 1.5L,23,15,22.55,338.25,0,-2,1,False,5
2025-06-15,Tienda_3,Tienda_3,Norte,P01,Arroz 1kg,12,12,37.49,449.88,10,10,3,True,5
2025-06-15,Tienda_3,Tienda_3,Norte,P02,Papel Higiénico 4pzas,20,12,11.69,140.28,2,-1,3,False,5
2025-06-15,Tienda_3,Tienda_3,Norte,P03,Detergente 1L,22,18,27.79,500.22,0,0,1,False,5
2025-06-15,Tienda_3,Tienda_3,Norte,P04,Agua 1.5L,17,9,45.65,410.85,5,5,1,False,5
2025-06-15,Tienda_4,Tienda_4,Sur,P01,Arroz 1kg,22,17,35.68,606.56,0,0,1,False,5
2025-06-15,Tienda_4,Tienda_4,Sur,P02,Papel Higiénico 4pzas,20,19,16.33,310.27,0,0,3,False,5
2025-06-15,Tienda_4,Tienda_4,Sur,P03,Detergente 1L,14,14,24.06,336.84,5,5,3,True,5
2025-06-15,Tienda_4,Tienda_4,Sur,P04,Agua 1.5L,27,22,36.21,796.62,0,0,3,False,5
2025-06-15,Tienda_5,Tienda_5,Sur,P01,Arroz 1kg,4,2,42.31,84.62,15,15,2,False,5
2025-06-15,Tienda_5,Tienda_5,Sur,P02,Papel Higiénico 4pzas,14,14,48.68,681.52,8,7,1,True,5
2025-06-15,Tienda_5,Tienda_5,Sur,P03,Detergente 1L,19,16,39.94,639.04,2,2,2,False,5
2025-06-15,Tienda_5,Tienda_5,Sur,P04,Agua 1.5L,12,11,19.92,219.12,9,9,1,False,5
2025-06-16,Tienda_1,Tienda_1,Centro,P01,Arroz 1kg,16,6,15.75,94.5,6,6,3,False,5
2025-06-16,Tienda_1,Tienda_1,Centro,P02,Papel Higiénico 4pzas,33,26,34.78,904.28,0,0,3,False,5
2025-06-16,Tienda_1,Tienda_1,Centro,P03,Detergente 1L,26,20,40.72,814.4,0,0,2,False,5
2025-06-16,Tienda_1,Tienda_1,Centro,P04,Agua 1.5L,26,19,43.3,822.7,0,0,1,False,5
2025-06-16,Tienda_2,Tienda_2,Norte,P01,Arroz 1kg,27,20,19.9,398.0,0,0,3,False,5
2025-06-16,Tienda_2,Tienda_2,Norte,P02,Papel Higiénico 4pzas,30,21,10.71,224.91,0,0,3,False,5
2025-06-16,Tienda_2,Tienda_2,Norte,P03,Detergente 1L,19,16,29.81,476.96,0,0,2,False,5
2025-06-16,Tienda_2,Tienda_2,Norte,P04,Agua 1.5L,21,20,10.08,201.6,0,0,3,False,5
2025-06-16,Tienda_3,Tienda_3,Centro,P01,Arroz 1kg,23,14,17.14,239.96,0,0,3,False,5
2025-06-16,Tienda_3,Tienda_3,Centro,P02,Papel Higiénico 4pzas,24,16,31.41,502.56,0,0,2,False,5
2025-06-16,Tienda_3,Tienda_3,Centro,P03,Detergente 1L,18,10,21.97,219.7,3,2,3,False,5
2025-06-16,Tienda_3,Tienda_3,Centro,P04,Agua 1.5L,20,18,13.32,239.76,0,0,2,False,5
2025-06-16,Tienda_4,Tienda_4,Sur,P01,Arroz 1kg,8,8,17.62,140.96,12,12,2,True,5
2025-06-16,Tienda_4,Tienda_4,Sur,P02,Papel Higiénico 4pzas,17,11,43.13,474.43,1,1,1,False,5
2025-06-16,Tienda_4,Tienda_4,Sur,P03,Detergente 1L,24,18,35.93,646.74,0,-3,3,False,5
2025-06-16,Tienda_4,Tienda_4,Sur,P04,Agua 1.5L,14,12,28.02,336.24,4,4,1,False,5
2025-06-16,Tienda_5,Tienda_5,Sur,P01,Arroz 1kg,22,15,38.9,583.5,0,0,2,False,5
2025-06-16,Tienda_5,Tienda_5,Sur,P02,Papel Higiénico 4pzas,22,17,32.45,551.65,0,0,2,False,5
2025-06-16,Tienda_5,Tienda_5,Sur,P03,Detergente 1L,10,10,49.83,498.3,9,9,3,True,5
2025-06-16,Tienda_5,Tienda_5,Sur,P04,Agua 1.5L,11,11,39.57,435.27,11,9,2,True,5
2025-06-17,Tienda_1,Tienda_1,Centro,P01,Arroz 1kg,26,16,13.51,216.16,0,0,3,False,5
2025-06-17,Tienda_1,Tienda_1,Centro,P02,Papel Higiénico 4pzas,21,20,44.82,896.4,0,0,1,False,5
2025-06-17,Tienda_1,Tienda_1,Centro,P03,Detergente 1L,20,12,12.84,154.08,0,0,1,False,5
2025-06-17,Tienda_1,Tienda_1,Centro,P04,Agua 1.5L,13,8,24.13,193.04,5,5,3,False,5
2025-06-17,Tienda_2,Tienda_2,Centro,P01,Arroz 1kg,13,13,38.11,495.43,6,6,2,True,5
2025-06-17,Tienda_2,Tienda_2,Centro,P02,Papel Higiénico 4pzas,28,19,43.37,824.03,0,0,3,False,5
2025-06-17,Tienda_2,Tienda_2,Centro,P03,Detergente 1L,25,18,17.1,307.8,0,0,1,False,5
2025-06-17,Tienda_2,Tienda_2,Centro,P04,Agua 1.5L,26,18,47.77,859.86,0,0,3,False,5
2025-06-17,Tienda_3,Tienda_3,Norte,P01,Arroz 1kg,18,14,31.41,439.74,1,1,3,False,5
2025-06-17,Tienda_3,Tienda_3,Norte,P02,Papel Higiénico 4pzas,20,16,13.49,215.84,2,-1,2,False,5
2025-06-17,Tienda_3,Tienda_3,Norte,P03,Detergente 1L,19,11,18.29,201.19,1,1,3,False,5
2025-06-17,Tienda_3,Tienda_3,Norte,P04,Agua 1.5L,15,15,40.71,610.65,5,4,3,True,5
2025-06-17,Tienda_4,Tienda_4,Centro,P01,Arroz 1kg,21,12,28.54,342.48,0,0,1,False,5
2025-06-17,Tienda_4,Tienda_4,Centro,P02,Papel Higiénico 4pzas,24,14,31.92,446.88,0,0,2,False,5
2025-06-17,Tienda_4,Tienda_4,Centro,P03,Detergente 1L,16,11,12.41,136.51,3,3,3,False,5
2025-06-17,Tienda_4,Tienda_4,Centro,P04,Agua 1.5L,13,12,44.79,537.48,5,5,2,False,5
2025-06-17,Tienda_5,Tienda_5,Centro,P01,Arroz 1kg,12,11,26.12,287.32,8,8,1,False,5
2025-06-17,Tienda_5,Tienda_5,Centro,P02,Papel Higiénico 4pzas,20,19,38.28,727.32,0,0,3,False,5
2025-06-17,Tienda_5,Tienda_5,Centro,P03,Detergente 1L,28,20,21.43,428.6,0,0,1,False,5
2025-06-17,Tienda_5,Tienda_5,Centro,P04,Agua 1.5L,19,19,29.26,555.94,2,2,2,True,5
2025-06-18,Tienda_1,Tienda_1,Norte,P01,Arroz 1kg,17,12,40.94,491.28,1,1,3,False,5
2025-06-18,Tienda_1,Tienda_1,Norte,P02,Papel Higiénico 4pzas,12,8,30.1,240.8,10,8,1,False,5
2025-06-18,Tienda_1,Tienda_1,Norte,P03,Detergente 1L,29,21,26.93,565.53,0,-1,1,False,5
2025-06-18,Tienda_1,Tienda_1,Norte,P04,Agua 1.5L,11,8,12.11,96.88,10,10,1,False,5
2025-06-18,Tienda_2,Tienda_2,Norte,P01,Arroz 1kg,13,13,13.41,174.33,9,9,1,True,5
2025-06-18,Tienda_2,Tienda_2,Norte,P02,Papel Higiénico 4pzas,24,18,35.73,643.14,0,0,1,False,5
2025-06-18,Tienda_2,Tienda_2,Norte,P03,Detergente 1L,18,15,46.54,698.1,3,3,1,False,5
2025-06-18,Tienda_2,Tienda_2,Norte,P04,Agua 1.5L,13,12,44.58,534.96,5,5,2,False,5
2025-06-18,Tienda_3,Tienda_3,Centro,P01,Arroz 1kg,28,20,44.64,892.8,0,0,1,False,5
2025-06-18,Tienda_3,Tienda_3,Centro,P02,Papel Higiénico 4pzas,20,10,25.46,254.6,0,0,3,False,5
2025-06-18,Tienda_3,Tienda_3,Centro,P03,Detergente 1L,17,12,44.48,533.76,5,5,2,False,5
2025-06-18,Tienda_3,Tienda_3,Centro,P04,Agua 1.5L,10,7,13.16,92.12,11,11,2,False,5
2025-06-18,Tienda_4,Tienda_4,Norte,P01,Arroz 1kg,20,16,28.07,449.12,0,0,1,False,5
2025-06-18,Tienda_4,Tienda_4,Norte,P02,Papel Higiénico 4pzas,13,13,33.03,429.39,7,7,2,True,5
2025-06-18,Tienda_4,Tienda_4,Norte,P03,Detergente 1L,8,8,10.01,80.08,11,10,2,True,5
2025-06-18,Tienda_4,Tienda_4,Norte,P04,Agua 1.5L,21,15,34.85,522.75,0,0,2,False,5
2025-06-18,Tienda_5,Tienda_5,Centro,P01,Arroz 1kg,25,16,22.32,357.12,0,-1,1,False,5
2025-06-18,Tienda_5,Tienda_5,Centro,P02,Papel Higiénico 4pzas,22,18,37.79,680.22,0,-2,2,False,5
2025-06-18,Tienda_5,Tienda_5,Centro,P03,Detergente 1L,29,23,33.1,761.3,0,0,3,False,5
2025-06-18,Tienda_5,Tienda_5,Centro,P04,Agua 1.5L,12,12,38.78,465.36,7,7,3,True,5
2025-06-19,Tienda_1,Tienda_1,Sur,P01,Arroz 1kg,10,9,29.44,264.96,12,12,1,False,5
2025-06-19,Tienda_1,Tienda_1,Sur,P02,Papel Higiénico 4pzas,22,12,23.53,282.36,0,0,1,False,5
2025-06-19,Tienda_1,Tienda_1,Sur,P03,Detergente 1L,22,14,13.2,184.8,0,0,2,False,5
2025-06-19,Tienda_1,Tienda_1,Sur,P04,Agua 1.5L,25,17,14.85,252.45,0,-2,1,False,5
2025-06-19,Tienda_2,Tienda_2,Sur,P01,Arroz 1kg,14,4,11.35,45.4,8,8,3,False,5
2025-06-19,Tienda_2,Tienda_2,Sur,P02,Papel Higiénico 4pzas,20,20,22.32,446.4,0,0,2,True,5
2025-06-19,Tienda_2,Tienda_2,Sur,P03,Detergente 1L,12,10,37.08,370.8,8,8,1,False,5
2025-06-19,Tienda_2,Tienda_2,Sur,P04,Agua 1.5L,25,19,16.15,306.85,0,0,1,False,5
2025-06-19,Tienda_3,Tienda_3,Centro,P01,Arroz 1kg,18,17,34.75,590.75,1,1,1,False,5
2025-06-19,Tienda_3,Tienda_3,Centro,P02,Papel Higiénico 4pzas,25,22,38.87,855.14,0,0,3,False,5
2025-06-19,Tienda_3,Tienda_3,Centro,P03,Detergente 1L,15,8,35.49,283.92,3,0,1,False,5
2025-06-19,Tienda_3,Tienda_3,Centro,P04,Agua 1.5L,19,13,40.94,532.22,0,0,3,False,5
2025-06-19,Tienda_4,Tienda_4,Norte,P01,Arroz 1kg,18,16,13.56,216.96,3,3,2,False,5
2025-06-19,Tienda_4,Tienda_4,Norte,P02,Papel Higiénico 4pzas,39,29,22.63,656.27,0,0,1,False,5
2025-06-19,Tienda_4,Tienda_4,Norte,P03,Detergente 1L,20,14,12.32,172.48,0,-3,1,False,5
2025-06-19,Tienda_4,Tienda_4,Norte,P04,Agua 1.5L,21,11,17.04,187.44,1,1,3,False,5
2025-06-19,Tienda_5,Tienda_5,Sur,P01,Arroz 1kg,8,7,34.71,242.97,12,12,3,False,5
2025-06-19,Tienda_5,Tienda_5,Sur,P02,Papel Higiénico 4pzas,24,19,40.04,760.76,0,0,3,False,5
2025-06-19,Tienda_5,Tienda_5,Sur,P03,Detergente 1L,24,19,33.89,643.91,0,0,2,False,5
2025-06-19,Tienda_5,Tienda_5,Sur,P04,Agua 1.5L,20,18,35.8,644.4,0,0,1,False,5
2025-06-20,Tienda_1,Tienda_1,Sur,P01,Arroz 1kg,27,19,19.79,376.01,0,0,2,False,5
2025-06-20,Tienda_1,Tienda_1,Sur,P02,Papel Higiénico 4pzas,20,18,30.18,543.24,0,-3,3,False,5
2025-06-20,Tienda_1,Tienda_1,Sur,P03,Detergente 1L,11,10,25.94,259.4,7,6,3,False,5
2025-06-20,Tienda_1,Tienda_1,Sur,P04,Agua 1.5L,15,15,37.37,560.55,3,3,2,True,5
2025-06-20,Tienda_2,Tienda_2,Centro,P01,Arroz 1kg,24,16,19.59,313.44,0,0,3,False,5
2025-06-20,Tienda_2,Tienda_2,Centro,P02,Papel Higiénico 4pzas,20,20,12.69,253.8,0,0,2,True,5
2025-06-20,Tienda_2,Tienda_2,Centro,P03,Detergente 1L,19,19,31.13,591.47,2,2,3,True,5
2025-06-20,Tienda_2,Tienda_2,Centro,P04,Agua 1.5L,21,11,28.37,312.07,0,-2,2,False,5
2025-06-20,Tienda_3,Tienda_3,Sur,P01,Arroz 1kg,18,12,25.47,305.64,2,2,1,False,5
2025-06-20,Tienda_3,Tienda_3,Sur,P02,Papel Higiénico 4pzas,15,9,41.54,373.86,7,6,2,False,5
2025-06-20,Tienda_3,Tienda_3,Sur,P03,Detergente 1L,23,20,48.91,978.2,0,0,1,False,5
2025-06-20,Tienda_3,Tienda_3,Sur,P04,Agua 1.5L,20,17,12.14,206.38,2,2,2,False,5
2025-06-20,Tienda_4,Tienda_4,Centro,P01,Arroz 1kg,16,15,33.02,495.3,2,2,2,False,5
2025-06-20,Tienda_4,Tienda_4,Centro,P02,Papel Higiénico 4pzas,14,13,24.34,316.42,5,4,3,False,5
2025-06-20,Tienda_4,Tienda_4,Centro,P03,Detergente 1L,18,13,23.36,303.68,2,2,2,False,5
2025-06-20,Tienda_4,Tienda_4,Centro,P04,Agua 1.5L,12,6,23.51,141.06,6,6,2,False,5
2025-06-20,Tienda_5,Tienda_5,Centro,P01,Arroz 1kg,21,13,38.45,499.85,0,0,3,False,5
2025-06-20,Tienda_5,Tienda_5,Centro,P02,Papel Higiénico 4pzas,20,16,24.51,392.16,0,0,3,False,5
2025-06-20,Tienda_5,Tienda_5,Centro,P03,Detergente 1L,24,17,29.63,503.71,0,0,1,False,5
2025-06-20,Tienda_5,Tienda_5,Centro,P04,Agua 1.5L,21,13,27.87,362.31,0,0,2,False,5
2025-06-21,Tienda_1,Tienda_1,Sur,P01,Arroz 1kg,15,11,27.42,301.62,4,4,2,False,5
2025-06-21,Tienda_1,Tienda_1,Sur,P02,Papel Higiénico 4pzas,22,13,25.74,334.62,0,0,1,False,5
2025-06-21,Tienda_1,Tienda_1,Sur,P03,Detergente 1L,13,12,33.84,406.08,7,7,2,False,5
2025-06-21,Tienda_1,Tienda_1,Sur,P04,Agua 1.5L,16,12,13.73,164.76,4,4,1,False,5
2025-06-21,Tienda_2,Tienda_2,Centro,P01,Arroz 1kg,27,20,20.58,411.6,0,0,3,False,5
2025-06-21,Tienda_2,Tienda_2,Centro,P02,Papel Higiénico 4pzas,15,11,26.23,288.53,5,5,2,False,5
2025-06-21,Tienda_2,Tienda_2,Centro,P03,Detergente 1L,30,21,45.5,955.5,0,0,2,False,5
2025-06-21,Tienda_2,Tienda_2,Centro,P04,Agua 1.5L,14,8,32.81,262.48,8,8,3,False,5
2025-06-21,Tienda_3,Tienda_3,Centro,P01,Arroz 1kg,8,8,23.19,185.52,11,11,3,True,5
2025-06-21,Tienda_3,Tienda_3,Centro,P02,Papel Higiénico 4pzas,12,6,36.1,216.6,9,9,1,False,5
2025-06-21,Tienda_3,Tienda_3,Centro,P03,Detergente 1L,18,12,45.92,551.04,1,0,3,False,5
2025-06-21,Tienda_3,Tienda_3,Centro,P04,Agua 1.5L,19,12,10.54,126.48,0,0,2,False,5
2025-06-21,Tienda_4,Tienda_4,Sur,P01,Arroz 1kg,20,20,49.42,988.4,0,0,2,True,5
2025-06-21,Tienda_4,Tienda_4,Sur,P02,Papel Higiénico 4pzas,7,5,36.98,184.9,14,14,3,False,5
2025-06-21,Tienda_4,Tienda_4,Sur,P03,Detergente 1L,26,17,10.79,183.43,0,-1,3,False,5
2025-06-21,Tienda_4,Tienda_4,Sur,P04,Agua 1.5L,29,19,20.59,391.21,0,0,2,False,5
2025-06-21,Tienda_5,Tienda_5,Norte,P01,Arroz 1kg,22,19,25.86,491.34,0,0,1,False,5
2025-06-21,Tienda_5,Tienda_5,Norte,P02,Papel Higiénico 4pzas,28,19,27.62,524.78,0,0,3,False,5
2025-06-21,Tienda_5,Tienda_5,Norte,P03,Detergente 1L,21,15,19.07,286.05,0,0,1,False,5
2025-06-21,Tienda_5,Tienda_5,Norte,P04,Agua 1.5L,21,13,24.63,320.19,0,-1,3,False,5
2025-06-22,Tienda_1,Tienda_1,Norte,P01,Arroz 1kg,14,5,46.42,232.1,4,2,1,False,5
2025-06-22,Tienda_1,Tienda_1,Norte,P02,Papel Higiénico 4pzas,21,19,31.48,598.12,0,0,1,False,5
2025-06-22,Tienda_1,Tienda_1,Norte,P03,Detergente 1L,27,20,39.82,796.4,0,0,1,False,5
2025-06-22,Tienda_1,Tienda_1,Norte,P04,Agua 1.5L,16,15,25.31,379.65,6,3,2,False,5
2025-06-22,Tienda_2,Tienda_2,Norte,P01,Arroz 1kg,19,10,32.66,326.6,0,0,1,False,5
2025-06-22,Tienda_2,Tienda_2,Norte,P02,Papel Higiénico 4pzas,15,13,45.34,589.42,4,4,3,False,5
2025-06-22,Tienda_2,Tienda_2,Norte,P03,Detergente 1L,23,17,31.79,540.43,0,-3,1,False,5
2025-06-22,Tienda_2,Tienda_2,Norte,P04,Agua 1.5L,15,5,13.81,69.05,4,4,2,False,5
2025-06-22,Tienda_3,Tienda_3,Sur,P01,Arroz 1kg,30,20,47.66,953.2,0,-1,3,False,5
2025-06-22,Tienda_3,Tienda_3,Sur,P02,Papel Higiénico 4pzas,12,11,38.09,418.99,7,5,1,False,5
2025-06-22,Tienda_3,Tienda_3,Sur,P03,Detergente 1L,18,11,32.27,354.97,2,2,3,False,5
2025-06-22,Tienda_3,Tienda_3,Sur,P04,Agua 1.5L,21,21,44.86,942.06,0,0,2,True,5
2025-06-22,Tienda_4,Tienda_4,Centro,P01,Arroz 1kg,34,26,39.87,1036.62,0,0,2,False,5
2025-06-22,Tienda_4,Tienda_4,Centro,P02,Papel Higiénico 4pzas,21,12,22.57,270.84,0,0,3,False,5
2025-06-22,Tienda_4,Tienda_4,Centro,P03,Detergente 1L,18,18,43.08,775.44,3,3,3,True,5
2025-06-22,Tienda_4,Tienda_4,Centro,P04,Agua 1.5L,22,15,49.63,744.45,0,0,1,False,5
2025-06-22,Tienda_5,Tienda_5,Sur,P01,Arroz 1kg,14,9,20.8,187.2,8,8,3,False,5
2025-06-22,Tienda_5,Tienda_5,Sur,P02,Papel Higiénico 4pzas,21,16,43.61,697.76,0,0,2,False,5
2025-06-22,Tienda_5,Tienda_5,Sur,P03,Detergente 1L,17,13,18.67,242.71,4,4,1,False,5
2025-06-22,Tienda_5,Tienda_5,Sur,P04,Agua 1.5L,13,6,25.41,152.46,9,9,1,False,5
2025-06-23,Tienda_1,Tienda_1,Centro,P01,Arroz 1kg,17,12,36.03,432.36,2,2,3,False,5
2025-06-23,Tienda_1,Tienda_1,Centro,P02,Papel Higiénico 4pzas,26,19,48.44,920.36,0,-3,2,False,5
2025-06-23,Tienda_1,Tienda_1,Centro,P03,Detergente 1L,13,13,28.43,369.59,7,6,1,True,5
2025-06-23,Tienda_1,Tienda_1,Centro,P04,Agua 1.5L,28,19,45.61,866.59,0,0,3,False,5
2025-06-23,Tienda_2,Tienda_2,Norte,P01,Arroz 1kg,26,19,11.14,211.66,0,0,3,False,5
2025-06-23,Tienda_2,Tienda_2,Norte,P02,Papel Higiénico 4pzas,7,5,11.33,56.65,11,11,3,False,5
2025-06-23,Tienda_2,Tienda_2,Norte,P03,Detergente 1L,28,21,37.96,797.16,0,0,1,False,5
2025-06-23,Tienda_2,Tienda_2,Norte,P04,Agua 1.5L,23,20,37.08,741.6,0,0,3,False,5
2025-06-23,Tienda_3,Tienda_3,Centro,P01,Arroz 1kg,17,12,32.61,391.32,5,5,2,False,5
2025-06-23,Tienda_3,Tienda_3,Centro,P02,Papel Higiénico 4pzas,8,2,42.44,84.88,14,14,1,False,5
2025-06-23,Tienda_3,Tienda_3,Centro,P03,Detergente 1L,22,21,31.94,670.74,0,0,2,False,5
2025-06-23,Tienda_3,Tienda_3,Centro,P04,Agua 1.5L,20,14,15.07,210.98,2,0,1,False,5
2025-06-23,Tienda_4,Tienda_4,Centro,P01,Arroz 1kg,24,15,35.31,529.65,0,0,1,False,5
2025-06-23,Tienda_4,Tienda_4,Centro,P02,Papel Higiénico 4pzas,12,12,18.4,220.8,10,10,2,True,5
2025-06-23,Tienda_4,Tienda_4,Centro,P03,Detergente 1L,15,14,27.96,391.44,5,5,1,False,5
2025-06-23,Tienda_4,Tienda_4,Centro,P04,Agua 1.5L,26,22,22.31,490.82,0,0,3,False,5
2025-06-23,Tienda_5,Tienda_5,Norte,P01,Arroz 1kg,12,12,48.22,578.64,8,8,3,True,5
2025-06-23,Tienda_5,Tienda_5,Norte,P02,Papel Higiénico 4pzas,28,19,32.95,626.05,0,0,1,False,5
2025-06-23,Tienda_5,Tienda_5,Norte,P03,Detergente 1L,17,12,20.0,240.0,4,4,2,False,5
2025-06-23,Tienda_5,Tienda_5,Norte,P04,Agua 1.5L,22,14,26.67,373.38,0,0,2,False,5
2025-06-24,Tienda_1,Tienda_1,Sur,P01,Arroz 1kg,24,15,34.85,522.75,0,0,1,False,5
2025-06-24,Tienda_1,Tienda_1,Sur,P02,Papel Higiénico 4pzas,22,18,12.59,226.62,0,0,1,False,5
2025-06-24,Tienda_1,Tienda_1,Sur,P03,Detergente 1L,16,8,19.86,158.88,4,4,2,False,5
2025-06-24,Tienda_1,Tienda_1,Sur,P04,Agua 1.5L,30,20,41.51,830.2,0,-1,3,False,5
2025-06-24,Tienda_2,Tienda_2,Sur,P01,Arroz 1kg,24,20,38.66,773.2,0,0,3,False,5
2025-06-24,Tienda_2,Tienda_2,Sur,P02,Papel Higiénico 4pzas,31,21,37.26,782.46,0,0,3,False,5
2025-06-24,Tienda_2,Tienda_2,Sur,P03,Detergente 1L,14,9,14.8,133.2,5,2,1,False,5
2025-06-24,Tienda_2,Tienda_2,Sur,P04,Agua 1.5L,16,9,13.36,120.24,3,3,2,False,5
2025-06-24,Tienda_3,Tienda_3,Norte,P01,Arroz 1kg,23,18,20.63,371.34,0,0,1,False,5
2025-06-24,Tienda_3,Tienda_3,Norte,P02,Papel Higiénico 4pzas,26,16,12.85,205.6,0,0,3,False,5
2025-06-24,Tienda_3,Tienda_3,Norte,P03,Detergente 1L,23,13,25.55,332.15,0,-1,1,False,5
2025-06-24,Tienda_3,Tienda_3,Norte,P04,Agua 1.5L,13,10,45.89,458.9,8,8,3,False,5
2025-06-24,Tienda_4,Tienda_4,Norte,P01,Arroz 1kg,22,12,37.25,447.0,0,0,3,False,5
2025-06-24,Tienda_4,Tienda_4,Norte,P02,Papel Higiénico 4pzas,29,20,18.07,361.4,0,0,1,False,5
2025-06-24,Tienda_4,Tienda_4,Norte,P03,Detergente 1L,24,14,44.66,625.24,0,0,2,False,5
2025-06-24,Tienda_4,Tienda_4,Norte,P04,Agua 1.5L,22,18,45.61,820.98,0,0,2,False,5
2025-06-24,Tienda_5,Tienda_5,Centro,P01,Arroz 1kg,28,20,45.86,917.2,0,0,3,False,5
2025-06-24,Tienda_5,Tienda_5,Centro,P02,Papel Higiénico 4pzas,14,12,37.45,449.4,5,5,3,False,5
2025-06-24,Tienda_5,Tienda_5,Centro,P03,Detergente 1L,14,11,45.31,498.41,4,4,1,False,5
2025-06-24,Tienda_5,Tienda_5,Centro,P04,Agua 1.5L,16,11,31.79,349.69,5,5,1,False,5
2025-06-25,Tienda_1,Tienda_1,Centro,P01,Arroz 1kg,27,19,42.49,807.31,0,0,1,False,5
2025-06-25,Tienda_1,Tienda_1,Centro,P02,Papel Higiénico 4pzas,9,6,45.2,271.2,9,9,2,False,5
2025-06-25,Tienda_1,Tienda_1,Centro,P03,Detergente 1L,27,17,21.06,358.02,0,0,2,False,5
2025-06-25,Tienda_1,Tienda_1,Centro,P04,Agua 1.5L,16,13,46.86,609.18,2,2,2,False,5
2025-06-25,Tienda_2,Tienda_2,Norte,P01,Arroz 1kg,14,11,10.67,117.37,4,4,3,False,5
2025-06-25,Tienda_2,Tienda_2,Norte,P02,Papel Higiénico 4pzas,14,11,14.74,162.14,7,5,2,False,5
2025-06-25,Tienda_2,Tienda_2,Norte,P03,Detergente 1L,14,14,38.5,539.0,8,8,2,True,5
2025-06-25,Tienda_2,Tienda_2,Norte,P04,Agua 1.5L,18,10,42.22,422.2,0,0,1,False,5
2025-06-25,Tienda_3,Tienda_3,Centro,P01,Arroz 1kg,28,20,47.19,943.8,0,0,1,False,5
2025-06-25,Tienda_3,Tienda_3,Centro,P02,Papel Higiénico 4pzas,19,14,42.87,600.18,2,2,1,False,5
2025-06-25,Tienda_3,Tienda_3,Centro,P03,Detergente 1L,25,24,19.81,475.44,0,0,3,False,5
2025-06-25,Tienda_3,Tienda_3,Centro,P04,Agua 1.5L,19,19,42.65,810.35,3,3,3,True,5
2025-06-25,Tienda_4,Tienda_4,Centro,P01,Arroz 1kg,18,14,48.62,680.68,0,-1,2,False,5
2025-06-25,Tienda_4,Tienda_4,Centro,P02,Papel Higiénico 4pzas,14,11,33.58,369.38,8,8,2,False,5
2025-06-25,Tienda_4,Tienda_4,Centro,P03,Detergente 1L,11,8,32.62,260.96,10,10,1,False,5
2025-06-25,Tienda_4,Tienda_4,Centro,P04,Agua 1.5L,22,12,28.79,345.48,0,-1,3,False,5
2025-06-25,Tienda_5,Tienda_5,Sur,P01,Arroz 1kg,12,9,27.99,251.91,10,10,1,False,5
2025-06-25,Tienda_5,Tienda_5,Sur,P02,Papel Higiénico 4pzas,13,12,41.62,499.44,8,8,2,False,5
2025-06-25,Tienda_5,Tienda_5,Sur,P03,Detergente 1L,10,4,46.05,184.2,10,10,3,False,5
2025-06-25,Tienda_5,Tienda_5,Sur,P04,Agua 1.5L,20,15,15.27,229.05,1,1,3,False,5
2025-06-26,Tienda_1,Tienda_1,Sur,P01,Arroz 1kg,22,16,24.18,386.88,0,0,2,False,5
2025-06-26,Tienda_1,Tienda_1,Sur,P02,Papel Higiénico 4pzas,12,9,33.64,302.76,6,6,2,False,5
2025-06-26,Tienda_1,Tienda_1,Sur,P03,Detergente 1L,13,9,31.81,286.29,7,7,3,False,5
2025-06-26,Tienda_1,Tienda_1,Sur,P04,Agua 1.5L,20,15,41.59,623.85,0,0,3,False,5
2025-06-26,Tienda_2,Tienda_2,Norte,P01,Arroz 1kg,27,17,41.95,713.15,0,0,1,False,5
2025-06-26,Tienda_2,Tienda_2,Norte,P02,Papel Higiénico 4pzas,23,18,42.63,767.34,0,0,1,False,5
2025-06-26,Tienda_2,Tienda_2,Norte,P03,Detergente 1L,19,16,35.14,562.24,0,0,2,False,5
2025-06-26,Tienda_2,Tienda_2,Norte,P04,Agua 1.5L,18,10,42.44,424.4,3,3,2,False,5
2025-06-26,Tienda_3,Tienda_3,Sur,P01,Arroz 1kg,20,20,25.79,515.8,1,1,3,True,5
2025-06-26,Tienda_3,Tienda_3,Sur,P02,Papel Higiénico 4pzas,19,9,13.86,124.74,3,3,1,False,5
2025-06-26,Tienda_3,Tienda_3,Sur,P03,Detergente 1L,16,16,13.91,222.56,3,3,2,True,5
2025-06-26,Tienda_3,Tienda_3,Sur,P04,Agua 1.5L,12,11,43.49,478.39,9,9,1,False,5
2025-06-26,Tienda_4,Tienda_4,Sur,P01,Arroz 1kg,15,10,17.21,172.1,6,6,3,False,5
2025-06-26,Tienda_4,Tienda_4,Sur,P02,Papel Higiénico 4pzas,19,16,14.41,230.56,0,0,1,False,5
2025-06-26,Tienda_4,Tienda_4,Sur,P03,Detergente 1L,24,19,17.86,339.34,0,0,1,False,5
2025-06-26,Tienda_4,Tienda_4,Sur,P04,Agua 1.5L,17,12,21.34,256.08,3,3,2,False,5
2025-06-26,Tienda_5,Tienda_5,Sur,P01,Arroz 1kg,11,9,13.5,121.5,11,10,3,False,5
2025-06-26,Tienda_5,Tienda_5,Sur,P02,Papel Higiénico 4pzas,14,14,33.73,472.22,4,4,2,True,5
2025-06-26,Tienda_5,Tienda_5,Sur,P03,Detergente 1L,22,18,41.65,749.7,0,-3,1,False,5
2025-06-26,Tienda_5,Tienda_5,Sur,P04,Agua 1.5L,14,9,24.63,221.67,4,4,3,False,5
2025-06-27,Tienda_1,Tienda_1,Sur,P01,Arroz 1kg,15,9,37.26,335.34,7,7,2,False,5
2025-06-27,Tienda_1,Tienda_1,Sur,P02,Papel Higiénico 4pzas,40,30,20.11,603.3,0,0,3,False,5
2025-06-27,Tienda_1,Tienda_1,Sur,P03,Detergente 1L,23,13,37.03,481.39,0,0,3,False,5
2025-06-27,Tienda_1,Tienda_1,Sur,P04,Agua 1.5L,12,7,26.24,183.68,7,7,1,False,5
2025-06-27,Tienda_2,Tienda_2,Centro,P01,Arroz 1kg,19,15,16.48,247.2,0,0,2,False,5
2025-06-27,Tienda_2,Tienda_2,Centro,P02,Papel Higiénico 4pzas,24,15,22.56,338.4,0,0,3,False,5
2025-06-27,Tienda_2,Tienda_2,Centro,P03,Detergente 1L,13,6,12.03,72.18,6,6,2,False,5
2025-06-27,Tienda_2,Tienda_2,Centro,P04,Agua 1.5L,22,12,12.17,146.04,0,0,2,False,5
2025-06-27,Tienda_3,Tienda_3,Norte,P01,Arroz 1kg,18,13,49.87,648.31,0,-2,2,False,5
2025-06-27,Tienda_3,Tienda_3,Norte,P02,Papel Higiénico 4pzas,25,16,16.67,266.72,0,0,1,False,5
2025-06-27,Tienda_3,Tienda_3,Norte,P03,Detergente 1L,19,11,38.04,418.44,0,0,1,False,5
2025-06-27,Tienda_3,Tienda_3,Norte,P04,Agua 1.5L,34,24,11.29,270.96,0,0,3,False,5
2025-06-27,Tienda_4,Tienda_4,Sur,P01,Arroz 1kg,24,22,33.85,744.7,0,0,2,False,5
2025-06-27,Tienda_4,Tienda_4,Sur,P02,Papel Higiénico 4pzas,10,10,46.7,467.0,9,9,3,True,5
2025-06-27,Tienda_4,Tienda_4,Sur,P03,Detergente 1L,21,15,42.9,643.5,0,-3,1,False,5
2025-06-27,Tienda_4,Tienda_4,Sur,P04,Agua 1.5L,12,6,22.34,134.04,10,10,2,False,5
2025-06-27,Tienda_5,Tienda_5,Sur,P01,Arroz 1kg,20,16,44.62,713.92,2,1,2,False,5
2025-06-27,Tienda_5,Tienda_5,Sur,P02,Papel Higiénico 4pzas,16,15,14.34,215.1,6,4,1,False,5
2025-06-27,Tienda_5,Tienda_5,Sur,P03,Detergente 1L,17,12,44.55,534.6,4,4,2,False,5
2025-06-27,Tienda_5,Tienda_5,Sur,P04,Agua 1.5L,14,13,43.6,566.8,4,4,1,False,5
2025-06-28,Tienda_1,Tienda_1,Sur,P01,Arroz 1kg,26,17,15.2,258.4,0,-2,1,False,5
2025-06-28,Tienda_1,Tienda_1,Sur,P02,Papel Higiénico 4pzas,23,19,18.83,357.77,0,-3,1,False,5
2025-06-28,Tienda_1,Tienda_1,Sur,P03,Detergente 1L,14,4,44.1,176.4,4,4,2,False,5
2025-06-28,Tienda_1,Tienda_1,Sur,P04,Agua 1.5L,20,12,19.86,238.32,0,0,2,False,5
2025-06-28,Tienda_2,Tienda_2,Sur,P01,Arroz 1kg,19,17,38.46,653.82,2,2,3,False,5
2025-06-28,Tienda_2,Tienda_2,Sur,P02,Papel Higiénico 4pzas,16,16,26.4,422.4,3,3,3,True,5
2025-06-28,Tienda_2,Tienda_2,Sur,P03,Detergente 1L,27,20,23.14,462.8,0,0,2,False,5
2025-06-28,Tienda_2,Tienda_2,Sur,P04,Agua 1.5L,27,23,15.71,361.33,0,0,1,False,5
2025-06-28,Tienda_3,Tienda_3,Centro,P01,Arroz 1kg,23,17,27.15,461.55,0,0,3,False,5
2025-06-28,Tienda_3,Tienda_3,Centro,P02,Papel Higiénico 4pzas,20,10,19.46,194.6,1,1,3,False,5
2025-06-28,Tienda_3,Tienda_3,Centro,P03,Detergente 1L,25,23,29.24,672.52,0,0,1,False,5
2025-06-28,Tienda_3,Tienda_3,Centro,P04,Agua 1.5L,16,10,41.76,417.6,5,5,2,False,5
2025-06-28,Tienda_4,Tienda_4,Sur,P01,Arroz 1kg,14,12,23.33,279.96,8,6,1,False,5
2025-06-28,Tienda_4,Tienda_4,Sur,P02,Papel Higiénico 4pzas,11,10,42.44,424.4,9,9,3,False,5
2025-06-28,Tienda_4,Tienda_4,Sur,P03,Detergente 1L,14,6,12.72,76.32,8,8,2,False,5
2025-06-28,Tienda_4,Tienda_4,Sur,P04,Agua 1.5L,15,13,11.45,148.85,5,5,3,False,5
2025-06-28,Tienda_5,Tienda_5,Norte,P01,Arroz 1kg,20,11,30.67,337.37,0,0,1,False,5
2025-06-28,Tienda_5,Tienda_5,Norte,P02,Papel Higiénico 4pzas,17,7,13.54,94.78,5,5,3,False,5
2025-06-28,Tienda_5,Tienda_5,Norte,P03,Detergente 1L,27,19,49.75,945.25,0,0,3,False,5
2025-06-28,Tienda_5,Tienda_5,Norte,P04,Agua 1.5L,25,20,35.73,714.6,0,0,2,False,5
2025-06-29,Tienda_1,Tienda_1,Centro,P01,Arroz 1kg,9,7,23.3,163.1,12,12,1,False,5
2025-06-29,Tienda_1,Tienda_1,Centro,P02,Papel Higiénico 4pzas,15,8,12.5,100.0,5,5,1,False,5
2025-06-29,Tienda_1,Tienda_1,Centro,P03,Detergente 1L,17,12,15.56,186.72,4,4,3,False,5
2025-06-29,Tienda_1,Tienda_1,Centro,P04,Agua 1.5L,19,12,17.9,214.8,0,0,3,False,5
2025-06-29,Tienda_2,Tienda_2,Norte,P01,Arroz 1kg,22,18,42.82,770.76,0,0,2,False,5
2025-06-29,Tienda_2,Tienda_2,Norte,P02,Papel Higiénico 4pzas,23,15,20.8,312.0,0,0,3,False,5
2025-06-29,Tienda_2,Tienda_2,Norte,P03,Detergente 1L,15,12,39.47,473.64,5,5,2,False,5
2025-06-29,Tienda_2,Tienda_2,Norte,P04,Agua 1.5L,25,22,32.59,716.98,0,0,1,False,5
2025-06-29,Tienda_3,Tienda_3,Norte,P01,Arroz 1kg,9,9,33.39,300.51,9,9,2,True,5
2025-06-29,Tienda_3,Tienda_3,Norte,P02,Papel Higiénico 4pzas,16,9,46.96,422.64,6,6,2,False,5
2025-06-29,Tienda_3,Tienda_3,Norte,P03,Detergente 1L,22,13,27.41,356.33,0,0,2,False,5
2025-06-29,Tienda_3,Tienda_3,Norte,P04,Agua 1.5L,22,18,44.58,802.44,0,0,1,False,5
2025-06-29,Tienda_4,Tienda_4,Norte,P01,Arroz 1kg,18,9,46.54,418.86,3,3,3,False,5
2025-06-29,Tienda_4,Tienda_4,Norte,P02,Papel Higiénico 4pzas,21,14,16.39,229.46,0,-3,3,False,5
2025-06-29,Tienda_4,Tienda_4,Norte,P03,Detergente 1L,18,11,15.9,174.9,4,4,1,False,5
2025-06-29,Tienda_4,Tienda_4,Norte,P04,Agua 1.5L,25,22,41.09,903.98,0,-2,3,False,5
2025-06-29,Tienda_5,Tienda_5,Centro,P01,Arroz 1kg,16,10,45.12,451.2,2,1,3,False,5
2025-06-29,Tienda_5,Tienda_5,Centro,P02,Papel Higiénico 4pzas,15,13,44.09,573.17,3,3,3,False,5
2025-06-29,Tienda_5,Tienda_5,Centro,P03,Detergente 1L,18,17,35.86,609.62,1,1,3,False,5
2025-06-29,Tienda_5,Tienda_5,Centro,P04,Agua 1.5L,22,13,20.96,272.48,0,-3,1,False,5
2025-06-30,Tienda_1,Tienda_1,Norte,P01,Arroz 1kg,17,14,27.18,380.52,2,2,2,False,5
2025-06-30,Tienda_1,Tienda_1,Norte,P02,Papel Higiénico 4pzas,14,11,30.84,339.24,6,6,3,False,5
2025-06-30,Tienda_1,Tienda_1,Norte,P03,Detergente 1L,31,22,30.16,663.52,0,0,3,False,5
2025-06-30,Tienda_1,Tienda_1,Norte,P04,Agua 1.5L,22,17,30.78,523.26,0,0,2,False,5
2025-06-30,Tienda_2,Tienda_2,Centro,P01,Arroz 1kg,15,7,10.46,73.22,6,6,2,False,5
2025-06-30,Tienda_2,Tienda_2,Centro,P02,Papel Higiénico 4pzas,29,19,49.91,948.29,0,-3,3,False,5
2025-06-30,Tienda_2,Tienda_2,Centro,P03,Detergente 1L,29,20,48.18,963.6,0,0,3,False,5
2025-06-30,Tienda_2,Tienda_2,Centro,P04,Agua 1.5L,28,26,36.39,946.14,0,0,2,False,5
2025-06-30,Tienda_3,Tienda_3,Sur,P01,Arroz 1kg,18,11,44.48,489.28,4,4,3,False,5
2025-06-30,Tienda_3,Tienda_3,Sur,P02,Papel Higiénico 4pzas,21,13,32.77,426.01,0,-3,2,False,5
2025-06-30,Tienda_3,Tienda_3,Sur,P03,Detergente 1L,14,9,31.53,283.77,7,7,1,False,5
2025-06-30,Tienda_3,Tienda_3,Sur,P04,Agua 1.5L,14,10,34.32,343.2,6,6,1,False,5
2025-06-30,Tienda_4,Tienda_4,Sur,P01,Arroz 1kg,28,18,12.42,223.56,0,0,1,False,5
2025-06-30,Tienda_4,Tienda_4,Sur,P02,Papel Higiénico 4pzas,26,23,13.23,304.29,0,-3,2,False,5
2025-06-30,Tienda_4,Tienda_4,Sur,P03,Detergente 1L,28,23,48.76,1121.48,0,-1,1,False,5
2025-06-30,Tienda_4,Tienda_4,Sur,P04,Agua 1.5L,19,16,21.11,337.76,2,2,2,False,5
2025-06-30,Tienda_5,Tienda_5,Norte,P01,Arroz 1kg,10,10,19.34,193.4,8,8,2,True,5
2025-06-30,Tienda_5,Tienda_5,Norte,P02,Papel Higiénico 4pzas,29,21,37.47,786.87,0,0,3,False,5
2025-06-30,Tienda_5,Tienda_5,Norte,P03,Detergente 1L,19,17,18.24,310.08,2,2,1,False,5
2025-06-30,Tienda_5,Tienda_5,Norte,P04,Agua 1.5L,20,17,17.74,301.58,0,0,2,False,5
2025-07-01,Tienda_1,Tienda_1,Norte,P01,Arroz 1kg,13,5,17.06,85.3,7,7,1,False,5
2025-07-01,Tienda_1,Tienda_1,Norte,P02,Papel Higiénico 4pzas,8,5,40.98,204.9,11,11,1,False,5
2025-07-01,Tienda_1,Tienda_1,Norte,P03,Detergente 1L,22,12,24.19,290.28,0,0,3,False,5
2025-07-01,Tienda_1,Tienda_1,Norte,P04,Agua 1.5L,11,3,28.31,84.93,8,8,3,False,5
2025-07-01,Tienda_2,Tienda_2,Centro,P01,Arroz 1kg,14,10,26.4,264.0,6,4,2,False,5
2025-07-01,Tienda_2,Tienda_2,Centro,P02,Papel Higiénico 4pzas,25,18,18.19,327.42,0,-2,3,False,5
2025-07-01,Tienda_2,Tienda_2,Centro,P03,Detergente 1L,24,16,15.68,250.88,0,0,1,False,5
2025-07-01,Tienda_2,Tienda_2,Centro,P04,Agua 1.5L,17,9,24.91,224.19,1,1,2,False,5
2025-07-01,Tienda_3,Tienda_3,Norte,P01,Arroz 1kg,25,17,13.51,229.67,0,0,1,False,5
2025-07-01,Tienda_3,Tienda_3,Norte,P02,Papel Higiénico 4pzas,18,9,37.3,335.7,2,2,2,False,5
2025-07-01,Tienda_3,Tienda_3,Norte,P03,Detergente 1L,21,16,32.4,518.4,0,0,3,False,5
2025-07-01,Tienda_3,Tienda_3,Norte,P04,Agua 1.5L,20,17,24.8,421.6,1,1,2,False,5
2025-07-01,Tienda_4,Tienda_4,Centro,P01,Arroz 1kg,20,15,46.86,702.9,0,0,3,False,5
2025-07-01,Tienda_4,Tienda_4,Centro,P02,Papel Higiénico 4pzas,14,14,11.01,154.14,4,4,1,True,5
2025-07-01,Tienda_4,Tienda_4,Centro,P03,Detergente 1L,22,14,25.66,359.24,0,-3,3,False,5
2025-07-01,Tienda_4,Tienda_4,Centro,P04,Agua 1.5L,17,16,48.25,772.0,3,0,1,False,5
2025-07-01,Tienda_5,Tienda_5,Centro,P01,Arroz 1kg,21,14,48.06,672.84,0,0,3,False,5
2025-07-01,Tienda_5,Tienda_5,Centro,P02,Papel Higiénico 4pzas,15,5,33.74,168.7,3,2,3,False,5
2025-07-01,Tienda_5,Tienda_5,Centro,P03,Detergente 1L,12,5,21.25,106.25,7,7,1,False,5
2025-07-01,Tienda_5,Tienda_5,Centro,P04,Agua 1.5L,23,16,47.75,764.0,0,-3,1,False,5
2025-07-02,Tienda_1,Tienda_1,Norte,P01,Arroz 1kg,16,10,39.43,394.3,6,6,2,False,5
2025-07-02,Tienda_1,Tienda_1,Norte,P02,Papel Higiénico 4pzas,21,18,44.71,804.78,1,1,1,False,5
2025-07-02,Tienda_1,Tienda_1,Norte,P03,Detergente 1L,26,21,47.14,989.94,0,0,1,False,5
2025-07-02,Tienda_1,Tienda_1,Norte,P04,Agua 1.5L,24,20,39.41,788.2,0,0,3,False,5
2025-07-02,Tienda_2,Tienda_2,Norte,P01,Arroz 1kg,25,16,24.48,391.68,0,0,2,False,5
2025-07-02,Tienda_2,Tienda_2,Norte,P02,Papel Higiénico 4pzas,16,12,24.03,288.36,6,3,1,False,5
2025-07-02,Tienda_2,Tienda_2,Norte,P03,Detergente 1L,17,15,43.92,658.8,2,2,3,False,5
2025-07-02,Tienda_2,Tienda_2,Norte,P04,Agua 1.5L,21,13,43.59,566.67,0,0,3,False,5
2025-07-02,Tienda_3,Tienda_3,Norte,P01,Arroz 1kg,10,8,20.87,166.96,11,11,3,False,5
2025-07-02,Tienda_3,Tienda_3,Norte,P02,Papel Higiénico 4pzas,15,15,25.63,384.45,3,0,1,True,5
2025-07-02,Tienda_3,Tienda_3,Norte,P03,Detergente 1L,18,13,48.71,633.23,0,-1,3,False,5
2025-07-02,Tienda_3,Tienda_3,Norte,P04,Agua 1.5L,14,13,30.7,399.1,5,4,2,False,5
2025-07-02,Tienda_4,Tienda_4,Centro,P01,Arroz 1kg,10,5,47.09,235.45,10,10,2,False,5
2025-07-02,Tienda_4,Tienda_4,Centro,P02,Papel Higiénico 4pzas,16,10,27.02,270.2,3,3,2,False,5
2025-07-02,Tienda_4,Tienda_4,Centro,P03,Detergente 1L,11,10,26.97,269.7,8,6,2,False,5
2025-07-02,Tienda_4,Tienda_4,Centro,P04,Agua 1.5L,21,13,25.8,335.4,0,0,1,False,5
2025-07-02,Tienda_5,Tienda_5,Centro,P01,Arroz 1kg,15,12,39.05,468.6,4,4,2,False,5
2025-07-02,Tienda_5,Tienda_5,Centro,P02,Papel Higiénico 4pzas,20,11,13.9,152.9,0,0,3,False,5
2025-07-02,Tienda_5,Tienda_5,Centro,P03,Detergente 1L,20,14,47.62,666.68,2,1,1,False,5
2025-07-02,Tienda_5,Tienda_5,Centro,P04,Agua 1.5L,15,14,21.62,302.68,4,1,2,False,5
2025-07-03,Tienda_1,Tienda_1,Sur,P01,Arroz 1kg,17,16,34.1,545.6,5,5,1,False,5
2025-07-03,Tienda_1,Tienda_1,Sur,P02,Papel Higiénico 4pzas,13,11,34.45,378.95,5,5,3,False,5
2025-07-03,Tienda_1,Tienda_1,Sur,P03,Detergente 1L,21,16,33.34,533.44,1,1,2,False,5
2025-07-03,Tienda_1,Tienda_1,Sur,P04,Agua 1.5L,25,18,12.18,219.24,0,0,3,False,5
2025-07-03,Tienda_2,Tienda_2,Centro,P01,Arroz 1kg,26,17,21.79,370.43,0,0,2,False,5
2025-07-03,Tienda_2,Tienda_2,Centro,P02,Papel Higiénico 4pzas,24,20,22.19,443.8,0,0,3,False,5
2025-07-03,Tienda_2,Tienda_2,Centro,P03,Detergente 1L,21,15,39.24,588.6,0,0,1,False,5
2025-07-03,Tienda_2,Tienda_2,Centro,P04,Agua 1.5L,15,14,48.0,672.0,4,4,2,False,5
2025-07-03,Tienda_3,Tienda_3,Norte,P01,Arroz 1kg,13,13,12.7,165.1,7,6,1,True,5
2025-07-03,Tienda_3,Tienda_3,Norte,P02,Papel Higiénico 4pzas,15,12,26.84,322.08,5,5,1,False,5
2025-07-03,Tienda_3,Tienda_3,Norte,P03,Detergente 1L,32,22,11.07,243.54,0,0,1,False,5
2025-07-03,Tienda_3,Tienda_3,Norte,P04,Agua 1.5L,17,11,37.14,408.54,4,3,2,False,5
2025-07-03,Tienda_4,Tienda_4,Centro,P01,Arroz 1kg,17,16,20.33,325.28,4,4,2,False,5
2025-07-03,Tienda_4,Tienda_4,Centro,P02,Papel Higiénico 4pzas,19,17,29.25,497.25,3,3,2,False,5
2025-07-03,Tienda_4,Tienda_4,Centro,P03,Detergente 1L,15,14,25.22,353.08,3,3,3,False,5
2025-07-03,Tienda_4,Tienda_4,Centro,P04,Agua 1.5L,15,10,38.4,384.0,4,4,1,False,5
2025-07-03,Tienda_5,Tienda_5,Norte,P01,Arroz 1kg,18,11,19.14,210.54,3,3,2,False,5
2025-07-03,Tienda_5,Tienda_5,Norte,P02,Papel Higiénico 4pzas,13,11,32.95,362.45,5,4,2,False,5
2025-07-03,Tienda_5,Tienda_5,Norte,P03,Detergente 1L,18,18,40.27,724.86,0,0,3,True,5
2025-07-03,Tienda_5,Tienda_5,Norte,P04,Agua 1.5L,19,9,21.37,192.33,2,2,2,False,5
